0.0,-0.0094545
4e-10,-0.011556
8e-10,-0.0127598
1.2e-09,-0.013268
1.6e-09,-0.0124605
2e-09,-0.011556
2.4e-09,-0.0104175
2.8e-09,-0.009416
3.2e-09,-0.0077859
3.6e-09,-0.005992
4e-09,-0.0041747
4.4e-09,-0.002568
4.8e-09,-0.001162
5.2e-09,0.0
5.6e-09,0.0006386563
6e-09,0.000856
6.4e-09,0.0007506719
6.8e-09,0.000856
7.2e-09,0.0012639
7.6e-09,0.001712
8e-09,0.0021049
8.4e-09,0.002996
8.8e-09,0.0045408
9.2e-09,0.005992
9.6e-09,0.0066658
1e-08,0.007276
1.04e-08,0.0082791
1.08e-08,0.009416
1.12e-08,0.0096283
1.16e-08,0.009416
1.2e-08,0.0089529
1.24e-08,0.00856
1.28e-08,0.0077274
1.32e-08,0.006848
1.36e-08,0.0058683
1.4e-08,0.004708
1.44e-08,0.0031916
1.48e-08,0.001712
1.52e-08,0.0008041719
1.56e-08,0.000428
1.6e-08,0.0004263281
1.64e-08,0.000428
1.68e-08,0.0004397031
1.72e-08,0.000428
1.76e-08,0.0004848438
1.8e-08,0.000428
1.84e-08,0.0001237188
1.88e-08,-0.000428
1.92e-08,-0.0011586
1.96e-08,-0.00214
2e-08,-0.0030662
2.04e-08,-0.003424
2.08e-08,-0.0030528
2.12e-08,-0.002996
2.16e-08,-0.0035176
2.2e-08,-0.003852
2.24e-08,-0.003088
2.28e-08,-0.00214
2.32e-08,-0.0017772
2.36e-08,-0.001712
2.4e-08,-0.0010667
2.44e-08,0.0
2.48e-08,0.0007122188
2.52e-08,0.000856
2.56e-08,0.0007055313
2.6e-08,0.000856
2.64e-08,0.0013024
2.68e-08,0.001712
2.72e-08,0.0014813
2.76e-08,0.000856
2.8e-08,0.0002424219
2.84e-08,0.0
2.88e-08,9.3625e-05
2.92e-08,0.000428
2.96e-08,0.0006837969
3e-08,0.000428
3.04e-08,-0.0002959219
3.08e-08,-0.000856
3.12e-08,-0.0007607031
3.16e-08,-0.000428
3.2e-08,-0.0003143125
3.24e-08,-0.000428
3.28e-08,-0.0003310312
3.32e-08,0.0
3.36e-08,0.0003293594
3.4e-08,0.000428
3.44e-08,0.0002758594
3.48e-08,0.0
3.52e-08,-5.01562e-05
3.56e-08,0.000428
3.6e-08,0.0012706
3.64e-08,0.001712
3.68e-08,0.001391
3.72e-08,0.000856
3.76e-08,0.0007423125
3.8e-08,0.000856
3.84e-08,0.0009379219
3.88e-08,0.001284
3.92e-08,0.0021283
3.96e-08,0.002996
4e-08,0.0032819
4.04e-08,0.003424
4.08e-08,0.003633
4.12e-08,0.003852
4.16e-08,0.0034875
4.2e-08,0.002996
4.24e-08,0.0024995
4.28e-08,0.00214
4.32e-08,0.0013108
4.36e-08,0.0
4.4e-08,-0.0017137
4.44e-08,-0.003424
4.48e-08,-0.004718
4.52e-08,-0.005564
4.56e-08,-0.0059686
4.6e-08,-0.00642
4.64e-08,-0.0067226
4.68e-08,-0.006848
4.72e-08,-0.0064267
4.76e-08,-0.005992
4.8e-08,-0.0057847
4.84e-08,-0.005992
4.88e-08,-0.0061408
4.92e-08,-0.005992
4.96e-08,-0.0054119
5e-08,-0.004708
5.04e-08,-0.0042399
5.08e-08,-0.00428
5.12e-08,-0.0045726
5.16e-08,-0.004708
5.2e-08,-0.0043302
5.24e-08,-0.003852
5.28e-08,-0.0035327
5.32e-08,-0.003424
5.36e-08,-0.0030428
5.4e-08,-0.00214
5.44e-08,-0.0007239219
5.48e-08,0.000856
5.52e-08,0.0021049
5.56e-08,0.002996
5.6e-08,0.0033053
5.64e-08,0.003424
5.68e-08,0.0031582
5.72e-08,0.002996
5.76e-08,0.0026332
5.8e-08,0.00214
5.84e-08,0.0011118
5.88e-08,0.0
5.92e-08,-0.0011971
5.96e-08,-0.002568
6e-08,-0.0040493
6.04e-08,-0.005136
6.08e-08,-0.0054035
6.12e-08,-0.005564
6.16e-08,-0.0059569
6.2e-08,-0.00642
6.24e-08,-0.0063063
6.28e-08,-0.005992
6.32e-08,-0.0058282
6.36e-08,-0.005992
6.4e-08,-0.006089
6.44e-08,-0.005992
6.48e-08,-0.0058248
6.52e-08,-0.005992
6.56e-08,-0.0064735
6.6e-08,-0.006848
6.64e-08,-0.0066892
6.68e-08,-0.00642
6.72e-08,-0.0063398
6.76e-08,-0.00642
6.8e-08,-0.0061692
6.84e-08,-0.005564
6.88e-08,-0.0048117
6.92e-08,-0.00428
6.96e-08,-0.0038403
7e-08,-0.002996
7.04e-08,-0.0018926
7.08e-08,-0.001284
7.12e-08,-0.001824
7.16e-08,-0.002568
7.2e-08,-0.0027018
7.24e-08,-0.00214
7.28e-08,-0.0019444
7.32e-08,-0.002568
7.36e-08,-0.0038152
7.4e-08,-0.004708
7.44e-08,-0.0049253
7.48e-08,-0.005136
7.52e-08,-0.0058967
7.56e-08,-0.006848
7.6e-08,-0.0071172
7.64e-08,-0.006848
7.68e-08,-0.0064718
7.72e-08,-0.00642
7.76e-08,-0.0064334
7.8e-08,-0.00642
7.84e-08,-0.006211
7.88e-08,-0.005992
7.92e-08,-0.005793
7.96e-08,-0.005564
8e-08,-0.005146
8.04e-08,-0.004708
8.08e-08,-0.0043987
8.12e-08,-0.00428
8.16e-08,-0.0042098
8.2e-08,-0.00428
8.24e-08,-0.0043419
8.28e-08,-0.00428
8.32e-08,-0.0037818
8.36e-08,-0.002996
8.4e-08,-0.0019895
8.44e-08,-0.000856
8.48e-08,0.0003009375
8.52e-08,0.001284
8.56e-08,0.0019193
8.6e-08,0.002568
8.64e-08,0.0031231
8.68e-08,0.003424
8.72e-08,0.0030328
8.76e-08,0.002568
8.8e-08,0.0022671
8.84e-08,0.00214
8.88e-08,0.0017421
8.92e-08,0.001284
8.96e-08,0.0008677031
9e-08,0.000428
9.04e-08,-0.0001036563
9.08e-08,-0.000428
9.12e-08,-0.0003042812
9.16e-08,0.0
9.2e-08,-5.0156e-06
9.24e-08,-0.000428
9.28e-08,-0.0010098
9.32e-08,-0.001284
9.36e-08,-0.0012255
9.4e-08,-0.001284
9.44e-08,-0.001911
9.48e-08,-0.002996
9.52e-08,-0.0040108
9.56e-08,-0.004708
9.6e-08,-0.0049688
9.64e-08,-0.005136
9.68e-08,-0.0051343
9.72e-08,-0.005136
9.76e-08,-0.004805
9.8e-08,-0.00428
9.84e-08,-0.0035561
9.88e-08,-0.002996
9.92e-08,-0.0025596
9.96e-08,-0.00214
1e-07,-0.0014545
1.004e-07,-0.000428
1.008e-07,0.0005283125
1.012e-07,0.000856
1.016e-07,0.000387875
1.02e-07,0.0
1.024e-07,0.0001487969
1.028e-07,0.000428
1.032e-07,0.0003393906
1.036e-07,0.000428
1.04e-07,0.00108
1.044e-07,0.001712
1.048e-07,0.001615
1.052e-07,0.001284
1.056e-07,0.0013408
1.06e-07,0.001712
1.064e-07,0.0017973
1.068e-07,0.001712
1.072e-07,0.0016167
1.076e-07,0.001712
1.08e-07,0.0016351
1.084e-07,0.001284
1.088e-07,0.0005049062
1.092e-07,-0.000428
1.096e-07,-0.0013275
1.1e-07,-0.00214
1.104e-07,-0.0028271
1.108e-07,-0.003424
1.112e-07,-0.0037099
1.116e-07,-0.003852
1.12e-07,-0.0038085
1.124e-07,-0.003852
1.128e-07,-0.0037316
1.132e-07,-0.003424
1.136e-07,-0.0027603
1.14e-07,-0.00214
1.144e-07,-0.0017906
1.148e-07,-0.001712
1.152e-07,-0.0016167
1.156e-07,-0.001284
1.16e-07,-0.0007958125
1.164e-07,-0.000428
1.168e-07,-0.0003895469
1.172e-07,-0.000428
1.176e-07,-0.00040125
1.18e-07,-0.000428
1.184e-07,-0.000548375
1.188e-07,-0.000428
1.192e-07,4.68125e-05
1.196e-07,0.000428
1.2e-07,0.0002925781
1.204e-07,0.0
1.208e-07,0.0001237188
1.212e-07,0.000856
1.216e-07,0.0016017
1.22e-07,0.001712
1.224e-07,0.0010282
1.228e-07,0.000428
1.232e-07,0.0003678125
1.236e-07,0.000428
1.24e-07,-6.52031e-05
1.244e-07,-0.000856
1.248e-07,-0.001284
1.252e-07,-0.001284
1.256e-07,-0.0011987
1.26e-07,-0.001284
1.264e-07,-0.0014562
1.268e-07,-0.001712
1.272e-07,-0.0017187
1.276e-07,-0.001284
1.28e-07,-0.0005918437
1.284e-07,-0.000428
1.288e-07,-0.0010366
1.292e-07,-0.001712
1.296e-07,-0.001615
1.3e-07,-0.000856
1.304e-07,-0.0001437812
1.308e-07,0.0
1.312e-07,-0.0003042812
1.316e-07,-0.000428
1.32e-07,-0.0001805625
1.324e-07,0.0
1.328e-07,-0.000227375
1.332e-07,-0.000428
1.336e-07,-0.000214
1.34e-07,0.0
1.344e-07,-0.0003327031
1.348e-07,-0.000856
1.352e-07,-0.0009997813
1.356e-07,-0.000856
1.36e-07,-0.0006988437
1.364e-07,-0.000428
1.368e-07,-3.34375e-05
1.372e-07,0.0
1.376e-07,-0.0005132656
1.38e-07,-0.000856
1.384e-07,-0.0006135781
1.388e-07,-0.000428
1.392e-07,-0.0008392812
1.396e-07,-0.001284
1.4e-07,-0.0011385
1.404e-07,-0.000856
1.408e-07,-0.0011135
1.412e-07,-0.001712
1.416e-07,-0.001936
1.42e-07,-0.001712
1.424e-07,-0.0012606
1.428e-07,-0.000856
1.432e-07,-0.0006353125
1.436e-07,-0.000856
1.44e-07,-0.001284
1.444e-07,-0.001284
1.448e-07,-0.0006202657
1.452e-07,0.0
1.456e-07,5.18281e-05
1.46e-07,0.0
1.464e-07,0.0003577812
1.468e-07,0.000856
1.472e-07,0.0008543282
1.476e-07,0.000428
1.48e-07,3.00937e-05
1.484e-07,0.0
1.488e-07,0.0002223594
1.492e-07,0.000428
1.496e-07,0.0004380312
1.5e-07,0.000428
1.504e-07,0.0004848438
1.508e-07,0.000428
1.512e-07,0.0001387656
1.516e-07,0.0
1.52e-07,0.0002173438
1.524e-07,0.000428
1.528e-07,0.0002323906
1.532e-07,0.0
1.536e-07,0.0
1.54e-07,0.0
1.544e-07,-0.0003694844
1.548e-07,-0.000856
1.552e-07,-0.0011135
1.556e-07,-0.001284
1.56e-07,-0.0016351
1.564e-07,-0.00214
1.568e-07,-0.0024727
1.572e-07,-0.002568
1.576e-07,-0.0023991
1.58e-07,-0.00214
1.584e-07,-0.0018658
1.588e-07,-0.001712
1.592e-07,-0.0016635
1.596e-07,-0.001712
1.6e-07,-0.0017488
1.604e-07,-0.001712
1.608e-07,-0.0016267
1.612e-07,-0.001712
1.616e-07,-0.0019544
1.62e-07,-0.00214
1.624e-07,-0.0019962
1.628e-07,-0.001712
1.632e-07,-0.0014478
1.636e-07,-0.001284
1.64e-07,-0.0009747032
1.644e-07,-0.000428
1.648e-07,0.0002725156
1.652e-07,0.000856
1.656e-07,0.0011235
1.66e-07,0.001284
1.664e-07,0.0014579
1.668e-07,0.001712
1.672e-07,0.0017538
1.676e-07,0.001712
1.68e-07,0.0015348
1.684e-07,0.001284
1.688e-07,0.0009429375
1.692e-07,0.000856
1.696e-07,0.0008877657
1.7e-07,0.000428
1.704e-07,-0.0006219375
1.708e-07,-0.001284
1.712e-07,-0.0009295625
1.716e-07,-0.000428
1.72e-07,-0.0005734531
1.724e-07,-0.000856
1.728e-07,-0.0005149375
1.732e-07,0.0
1.736e-07,-0.00013375
1.74e-07,-0.000856
1.744e-07,-0.001488
1.748e-07,-0.001712
1.752e-07,-0.0016618
1.756e-07,-0.001712
1.76e-07,-0.001941
1.764e-07,-0.00214
1.768e-07,-0.0019979
1.772e-07,-0.001712
1.776e-07,-0.0014595
1.78e-07,-0.001284
1.784e-07,-0.0010282
1.788e-07,-0.000856
1.792e-07,-0.000856
1.796e-07,-0.000856
1.8e-07,-0.000682125
1.804e-07,-0.000428
1.808e-07,-0.0002507812
1.812e-07,0.0
1.816e-07,0.0003009375
1.82e-07,0.000428
1.824e-07,0.0001889219
1.828e-07,0.0
1.832e-07,4.34687e-05
1.836e-07,0.0
1.84e-07,-0.000441375
1.844e-07,-0.000856
1.848e-07,-0.0008877657
1.852e-07,-0.000856
1.856e-07,-0.00108
1.86e-07,-0.001284
1.864e-07,-0.0010884
1.868e-07,-0.000856
1.872e-07,-0.0009613282
1.876e-07,-0.001284
1.88e-07,-0.0013943
1.884e-07,-0.001284
1.888e-07,-0.0010717
1.892e-07,-0.000856
1.896e-07,-0.0006302969
1.9e-07,-0.000428
1.904e-07,-0.0003360469
1.908e-07,-0.000428
1.912e-07,-0.0005650938
1.916e-07,-0.000428
1.92e-07,-6.52031e-05
1.924e-07,0.0
1.928e-07,-0.0004614375
1.932e-07,-0.000856
1.936e-07,-0.0006068907
1.94e-07,0.0
1.944e-07,0.0002741875
1.948e-07,0.0
1.952e-07,-0.0004246563
1.956e-07,-0.000428
1.96e-07,4.0125e-05
1.964e-07,0.000428
1.968e-07,0.0003009375
1.972e-07,0.0
1.976e-07,-6.6875e-05
1.98e-07,0.0
1.984e-07,-0.0001521406
1.988e-07,-0.000428
1.992e-07,-0.0005283125
1.996e-07,-0.000428
2e-07,-0.0003427344
2.004e-07,-0.000428
2.008e-07,-0.0006436719
2.012e-07,-0.000856
2.016e-07,-0.000922875
2.02e-07,-0.000856
2.024e-07,-0.0007857812
2.028e-07,-0.000856
2.032e-07,-0.0009747032
2.036e-07,-0.000856
2.04e-07,-0.00050825
2.044e-07,-0.000428
2.048e-07,-0.0008476406
2.052e-07,-0.001284
2.056e-07,-0.0013091
2.06e-07,-0.001284
2.064e-07,-0.0015381
2.068e-07,-0.001712
2.072e-07,-0.0013525
2.076e-07,-0.000856
2.08e-07,-0.0007289375
2.084e-07,-0.000856
2.088e-07,-0.0008743907
2.092e-07,-0.000856
2.096e-07,-0.000922875
2.1e-07,-0.000856
2.104e-07,-0.00056175
2.108e-07,-0.000428
2.112e-07,-0.00066875
2.116e-07,-0.000856
2.12e-07,-0.0006436719
2.124e-07,-0.000428
2.128e-07,-0.0005968594
2.132e-07,-0.000856
2.136e-07,-0.0007439844
2.14e-07,-0.000428
2.144e-07,-0.000214
2.148e-07,0.0
2.152e-07,0.000307625
2.156e-07,0.000428
2.16e-07,0.0001772188
2.164e-07,0.0
2.168e-07,0.0001822344
2.172e-07,0.000428
2.176e-07,0.00029425
2.18e-07,0.0
2.184e-07,-0.0001170313
2.188e-07,0.0
2.192e-07,9.02813e-05
2.196e-07,0.0
2.2e-07,-0.0002374063
2.204e-07,-0.000428
2.208e-07,-0.0005634219
2.212e-07,-0.000856
2.216e-07,-0.0012489
2.22e-07,-0.001284
2.224e-07,-0.0007807657
2.228e-07,-0.000428
2.232e-07,-0.0007306094
2.236e-07,-0.001284
2.24e-07,-0.0014295
2.244e-07,-0.001284
2.248e-07,-0.0012305
2.252e-07,-0.001284
2.256e-07,-0.0011486
2.26e-07,-0.000856
2.264e-07,-0.0005918437
2.268e-07,-0.000428
2.272e-07,-0.0004614375
2.276e-07,-0.000856
2.28e-07,-0.0013576
2.284e-07,-0.001284
2.288e-07,-0.0005132656
2.292e-07,0.0
2.296e-07,-0.0003661406
2.3e-07,-0.000856
2.304e-07,-0.0007172344
2.308e-07,-0.000428
2.312e-07,-0.0006236094
2.316e-07,-0.000856
2.32e-07,-0.0005266406
2.324e-07,0.0
2.328e-07,3.3437e-06
2.332e-07,-0.000428
2.336e-07,-0.0007874531
2.34e-07,-0.000856
2.344e-07,-0.0007874531
2.348e-07,-0.000856
2.352e-07,-0.0010917
2.356e-07,-0.001284
2.36e-07,-0.0011737
2.364e-07,-0.000856
2.368e-07,-0.0005567344
2.372e-07,-0.000428
2.376e-07,-0.0004112812
2.38e-07,-0.000428
2.384e-07,-0.0004213125
2.388e-07,-0.000428
2.392e-07,-0.0004580938
2.396e-07,-0.000428
2.4e-07,-0.0003577812
2.404e-07,-0.000428
2.408e-07,-0.0005901719
2.412e-07,-0.000428
2.416e-07,0.0001270625
2.42e-07,0.000428
2.424e-07,3.51094e-05
2.428e-07,-0.000428
2.432e-07,-0.0003494219
2.436e-07,0.0
2.44e-07,6.85469e-05
2.444e-07,0.0
2.448e-07,3.51094e-05
2.452e-07,0.0
2.456e-07,-0.0003945625
2.46e-07,-0.000856
2.464e-07,-0.00098975
2.468e-07,-0.000856
2.472e-07,-0.0007372969
2.476e-07,-0.000856
2.48e-07,-0.0011051
2.484e-07,-0.001284
2.488e-07,-0.0012756
2.492e-07,-0.001284
2.496e-07,-0.0013576
2.5e-07,-0.001284
2.504e-07,-0.0008660313
2.508e-07,-0.000428
2.512e-07,-0.0003109688
2.516e-07,-0.000428
2.52e-07,-0.0005901719
2.524e-07,-0.000856
2.528e-07,-0.0012038
2.532e-07,-0.001284
2.536e-07,-0.0009028125
2.54e-07,-0.000428
2.544e-07,-0.0002842188
2.548e-07,-0.000428
2.552e-07,-0.0005316563
2.556e-07,-0.000428
2.56e-07,-0.0002975938
2.564e-07,-0.000428
2.568e-07,-0.0007673907
2.572e-07,-0.000856
2.576e-07,-0.0004614375
2.58e-07,0.0
2.584e-07,-1.6719e-06
2.588e-07,-0.000428
2.592e-07,-0.0008275781
2.596e-07,-0.000856
2.6e-07,-0.0005901719
2.604e-07,-0.000428
2.608e-07,-0.0004781563
2.612e-07,-0.000428
2.616e-07,-0.0001287344
2.62e-07,0.0
2.624e-07,-0.0003694844
2.628e-07,-0.000856
2.632e-07,-0.000869375
2.636e-07,-0.000428
2.64e-07,-1.50469e-05
2.644e-07,0.0
2.648e-07,-0.0002825469
2.652e-07,-0.000428
2.656e-07,-0.0002390781
2.66e-07,0.0
2.664e-07,-8.35938e-05
2.668e-07,-0.000428
2.672e-07,-0.0006319688
2.676e-07,-0.000428
2.68e-07,-6.52031e-05
2.684e-07,0.0
2.688e-07,-0.0003945625
2.692e-07,-0.000856
2.696e-07,-0.0008727188
2.7e-07,-0.000428
2.704e-07,-7.52344e-05
2.708e-07,-0.000428
2.712e-07,-0.0013141
2.716e-07,-0.001712
2.72e-07,-0.0011151
2.724e-07,-0.000428
2.728e-07,-0.0005015625
2.732e-07,-0.000856
2.736e-07,-0.0008175469
2.74e-07,-0.000856
2.744e-07,-0.001396
2.748e-07,-0.001712
2.752e-07,-0.0012355
2.756e-07,-0.000856
2.76e-07,-0.0012857
2.764e-07,-0.001712
2.768e-07,-0.0012171
2.772e-07,-0.000428
2.776e-07,-0.0003360469
2.78e-07,-0.000856
2.784e-07,-0.0012489
2.788e-07,-0.001284
2.792e-07,-0.0011051
2.796e-07,-0.000856
2.8e-07,-0.0006002031
2.804e-07,-0.000428
2.808e-07,-0.0003945625
2.812e-07,-0.000428
2.816e-07,-0.0003594531
2.82e-07,0.0
2.824e-07,0.0004380312
2.828e-07,0.000428
2.832e-07,-0.0002374063
2.836e-07,-0.000856
2.84e-07,-0.0008359375
2.844e-07,-0.000428
2.848e-07,-0.0002524531
2.852e-07,-0.000428
2.856e-07,-0.0006921563
2.86e-07,-0.000856
2.864e-07,-0.0008944531
2.868e-07,-0.000856
2.872e-07,-0.0007941406
2.876e-07,-0.000856
2.88e-07,-0.0010382
2.884e-07,-0.001284
2.888e-07,-0.0014111
2.892e-07,-0.001284
2.896e-07,-0.0009596563
2.9e-07,-0.000856
2.904e-07,-0.0009914219
2.908e-07,-0.000856
2.912e-07,-0.0002825469
2.916e-07,0.0
2.92e-07,-0.0004430469
2.924e-07,-0.000856
2.928e-07,-0.0005450313
2.932e-07,0.0
2.936e-07,-4.0125e-05
2.94e-07,-0.000428
2.944e-07,-0.0005650938
2.948e-07,-0.000428
2.952e-07,-0.000361125
2.956e-07,-0.000428
2.96e-07,-0.0005767969
2.964e-07,-0.000856
2.968e-07,-0.0011904
2.972e-07,-0.001284
2.976e-07,-0.0009412657
2.98e-07,-0.000428
2.984e-07,-0.0001805625
2.988e-07,-0.000428
2.992e-07,-0.0009596563
2.996e-07,-0.001284
3e-07,-0.0011452
3.004e-07,-0.000856
3.008e-07,-0.0007824375
3.012e-07,-0.000856
3.016e-07,-0.0008660313
3.02e-07,-0.000856
3.024e-07,-0.0009011406
3.028e-07,-0.000856
3.032e-07,-0.0007155625
3.036e-07,-0.000856
3.04e-07,-0.001376
3.044e-07,-0.001712
3.048e-07,-0.0014111
3.052e-07,-0.000856
3.056e-07,-0.0006503594
3.06e-07,-0.000856
3.064e-07,-0.0011319
3.068e-07,-0.001284
3.072e-07,-0.0013108
3.076e-07,-0.001284
3.08e-07,-0.0012389
3.084e-07,-0.001284
3.088e-07,-0.0013459
3.092e-07,-0.001284
3.096e-07,-0.0010449
3.1e-07,-0.000856
3.104e-07,-0.00082925
3.108e-07,-0.000856
3.112e-07,-0.0007322812
3.116e-07,-0.000428
3.12e-07,-0.0001270625
3.124e-07,0.0
3.128e-07,-4.17969e-05
3.132e-07,0.0
3.136e-07,0.0001103438
3.14e-07,0.0
3.144e-07,-0.0004764844
3.148e-07,-0.000856
3.152e-07,-0.0007506719
3.156e-07,-0.000428
3.16e-07,-0.0003243438
3.164e-07,-0.000428
3.168e-07,-0.0004781563
3.172e-07,-0.000428
3.176e-07,-0.0003945625
3.18e-07,-0.000428
3.184e-07,-0.0004815
3.188e-07,-0.000428
3.192e-07,-0.000334375
3.196e-07,-0.000428
3.2e-07,-0.0007372969
3.204e-07,-0.000856
3.208e-07,-0.0006938282
3.212e-07,-0.000856
3.216e-07,-0.00159
3.22e-07,-0.00214
3.224e-07,-0.0018173
3.228e-07,-0.001284
3.232e-07,-0.0012221
3.236e-07,-0.001284
3.24e-07,-0.0009780469
3.244e-07,-0.000856
3.248e-07,-0.0012272
3.252e-07,-0.001284
3.256e-07,-0.0005283125
3.26e-07,0.0
3.264e-07,-0.0005701094
3.268e-07,-0.001284
3.272e-07,-0.00107
3.276e-07,-0.000428
3.28e-07,-0.0002758594
3.284e-07,-0.000428
3.288e-07,-0.0003828594
3.292e-07,-0.000428
3.296e-07,-0.0008911094
3.3e-07,-0.001284
3.304e-07,-0.0010148
3.308e-07,-0.000428
3.312e-07,-9.02813e-05
3.316e-07,0.0
3.32e-07,4.84844e-05
3.324e-07,0.0
3.328e-07,-0.0001605
3.332e-07,0.0
3.336e-07,0.0004463906
3.34e-07,0.000428
3.344e-07,-0.0003510938
3.348e-07,-0.000856
3.352e-07,-0.0004514063
3.356e-07,0.0
3.36e-07,-0.0004447188
3.364e-07,-0.001284
3.368e-07,-0.0014428
3.372e-07,-0.000856
3.376e-07,-0.00029425
3.38e-07,-0.000428
3.384e-07,-0.0010265
3.388e-07,-0.001284
3.392e-07,-0.0008325938
3.396e-07,-0.000428
3.4e-07,-0.0007172344
3.404e-07,-0.001284
3.408e-07,-0.0013091
3.412e-07,-0.000856
3.416e-07,-0.0004881875
3.42e-07,-0.000428
3.424e-07,-0.0004831719
3.428e-07,-0.000428
3.432e-07,-0.0002240313
3.436e-07,0.0
3.44e-07,6.01875e-05
3.444e-07,0.0
3.448e-07,-0.0001605
3.452e-07,-0.000428
3.456e-07,-0.0007523437
3.46e-07,-0.000856
3.464e-07,-0.0006470156
3.468e-07,-0.000428
3.472e-07,-0.0005149375
3.476e-07,-0.000856
3.48e-07,-0.0010616
3.484e-07,-0.000856
3.488e-07,-0.0004363594
3.492e-07,-0.000428
3.496e-07,-0.0009479531
3.5e-07,-0.001284
3.504e-07,-0.0009095
3.508e-07,-0.000428
3.512e-07,-0.0004965469
3.516e-07,-0.000856
3.52e-07,-0.0009395938
3.524e-07,-0.000856
3.528e-07,-0.00088275
3.532e-07,-0.000856
3.536e-07,-0.0004848438
3.54e-07,0.0
3.544e-07,0.0001788906
3.548e-07,0.0
3.552e-07,-0.0002992656
3.556e-07,-0.000428
3.56e-07,-0.0002875625
3.564e-07,0.0
3.568e-07,0.0001538125
3.572e-07,0.0
3.576e-07,-0.0003410625
3.58e-07,-0.000428
3.584e-07,-0.0001554844
3.588e-07,0.0
3.592e-07,-0.0002290469
3.596e-07,-0.000428
3.6e-07,-0.0002156719
3.604e-07,0.0
3.608e-07,-0.00018725
3.612e-07,-0.000428
3.616e-07,-0.0002708438
3.62e-07,0.0
3.624e-07,1.50469e-05
3.628e-07,0.0
3.632e-07,0.0002156719
3.636e-07,0.000428
3.64e-07,0.0002825469
3.644e-07,0.0
3.648e-07,-8.52656e-05
3.652e-07,0.0
3.656e-07,3.34375e-05
3.66e-07,0.0
3.664e-07,-0.0001253906
3.668e-07,-0.000428
3.672e-07,-0.0007958125
3.676e-07,-0.000856
3.68e-07,-0.0004430469
3.684e-07,0.0
3.688e-07,-1.50469e-05
3.692e-07,-0.000428
3.696e-07,-0.0008058437
3.7e-07,-0.000856
3.704e-07,-0.0006252812
3.708e-07,-0.000428
3.712e-07,-0.0005115938
3.716e-07,-0.000856
3.72e-07,-0.0011837
3.724e-07,-0.001284
3.728e-07,-0.0011034
3.732e-07,-0.000856
3.736e-07,-0.0007189063
3.74e-07,-0.000856
3.744e-07,-0.0010282
3.748e-07,-0.000856
3.752e-07,-0.0003159844
3.756e-07,0.0
3.76e-07,-0.0002039688
3.764e-07,-0.000428
3.768e-07,-0.0001437812
3.772e-07,0.000428
3.776e-07,0.0006670781
3.78e-07,0.000428
3.784e-07,4.51406e-05
3.788e-07,0.0
3.792e-07,0.0002591406
3.796e-07,0.000428
3.8e-07,0.0002240313
3.804e-07,0.0
3.808e-07,0.0001170313
3.812e-07,0.000428
3.816e-07,0.0004346875
3.82e-07,0.0
3.824e-07,-0.0005634219
3.828e-07,-0.000856
3.832e-07,-0.0007322812
3.836e-07,-0.000428
3.84e-07,-0.0002658281
3.844e-07,-0.000428
3.848e-07,-0.0006269531
3.852e-07,-0.000428
3.856e-07,4.17969e-05
3.86e-07,0.0
3.864e-07,-0.0007824375
3.868e-07,-0.001284
3.872e-07,-0.0007540156
3.876e-07,0.0
3.88e-07,5.0156e-06
3.884e-07,-0.000428
3.888e-07,-0.0006269531
3.892e-07,-0.000856
3.896e-07,-0.0013893
3.9e-07,-0.001712
3.904e-07,-0.0012188
3.908e-07,-0.000428
3.912e-07,-2.675e-05
3.916e-07,0.0
3.92e-07,8.52656e-05
3.924e-07,0.000428
3.928e-07,0.0007774219
3.932e-07,0.000856
3.936e-07,0.0005951875
3.94e-07,0.000428
3.944e-07,0.0004714688
3.948e-07,0.000428
3.952e-07,-1.3375e-05
3.956e-07,-0.000428
3.96e-07,-0.0004380312
3.964e-07,-0.000428
3.968e-07,-0.0007155625
3.972e-07,-0.000856
3.976e-07,-0.0005232969
3.98e-07,-0.000428
3.984e-07,-0.0008325938
3.988e-07,-0.000856
3.992e-07,-3.17656e-05
3.996e-07,0.000428
4e-07,-0.0003661406
4.004e-07,-0.001284
4.008e-07,-0.00098975
4.012e-07,0.0
4.016e-07,0.0003912188
4.02e-07,0.0
4.024e-07,-0.000548375
4.028e-07,-0.000856
4.032e-07,-0.0009262188
4.036e-07,-0.000856
4.04e-07,-0.0007423125
4.044e-07,-0.000856
4.048e-07,-0.0010282
4.052e-07,-0.000856
4.056e-07,-0.0002909063
4.06e-07,0.0
4.064e-07,-0.0002624844
4.068e-07,-0.000428
4.072e-07,9.3625e-05
4.076e-07,0.000856
4.08e-07,0.00107
4.084e-07,0.000856
4.088e-07,0.0005935156
4.092e-07,0.000428
4.096e-07,0.0001939375
4.1e-07,0.0
4.104e-07,-3.84531e-05
4.108e-07,0.0
4.112e-07,-0.0001086719
4.116e-07,-0.000428
4.12e-07,-0.0007774219
4.124e-07,-0.000856
4.128e-07,-0.0005032344
4.132e-07,0.0
4.136e-07,0.0002357344
4.14e-07,0.0
4.144e-07,-0.00050825
4.148e-07,-0.000856
4.152e-07,-0.0008794063
4.156e-07,-0.000856
4.16e-07,-0.0010315
4.164e-07,-0.001284
4.168e-07,-0.0012572
4.172e-07,-0.000856
4.176e-07,-0.0003979063
4.18e-07,-0.000428
4.184e-07,-0.0009262188
4.188e-07,-0.001284
4.192e-07,-0.0011018
4.196e-07,-0.000856
4.2e-07,-0.0010081
4.204e-07,-0.001284
4.208e-07,-0.0010784
4.212e-07,-0.000428
4.216e-07,9.69688e-05
4.22e-07,0.0
4.224e-07,-0.0005701094
4.228e-07,-0.000856
4.232e-07,-0.0004781563
4.236e-07,0.0
4.24e-07,4.34687e-05
4.244e-07,0.0
4.248e-07,0.00024075
4.252e-07,0.000428
4.256e-07,9.02813e-05
4.26e-07,-0.000428
4.264e-07,-0.0004764844
4.268e-07,0.0
4.272e-07,0.0004714688
4.276e-07,0.000428
4.28e-07,-0.000107
4.284e-07,-0.000428
4.288e-07,-0.0001103438
4.292e-07,0.000428
4.296e-07,0.0005901719
4.3e-07,0.000428
4.304e-07,0.0002223594
4.308e-07,0.0
4.312e-07,-0.0004179688
4.316e-07,-0.000856
4.32e-07,-0.0010065
4.324e-07,-0.000856
4.328e-07,-0.0005901719
4.332e-07,-0.000428
4.336e-07,-0.0004998907
4.34e-07,-0.000856
4.344e-07,-0.0012272
4.348e-07,-0.001284
4.352e-07,-0.00098975
4.356e-07,-0.000856
4.36e-07,-0.0010951
4.364e-07,-0.001284
4.368e-07,-0.0009613282
4.372e-07,-0.000428
4.376e-07,-0.0002290469
4.38e-07,-0.000428
4.384e-07,-0.0007021875
4.388e-07,-0.000856
4.392e-07,-0.0007941406
4.396e-07,-0.000428
4.4e-07,1.67187e-05
4.404e-07,0.0
4.408e-07,-0.0005550625
4.412e-07,-0.000856
4.416e-07,-0.0004530781
4.42e-07,0.0
4.424e-07,-0.0001421094
4.428e-07,-0.000428
4.432e-07,-0.0002741875
4.436e-07,0.0
4.44e-07,-0.0001538125
4.444e-07,-0.000428
4.448e-07,-0.0004330156
4.452e-07,-0.000428
4.456e-07,-0.0006938282
4.46e-07,-0.000856
4.464e-07,-0.00061525
4.468e-07,-0.000428
4.472e-07,-0.0007306094
4.476e-07,-0.001284
4.48e-07,-0.0015047
4.484e-07,-0.001284
4.488e-07,-0.0009178594
4.492e-07,-0.000856
4.496e-07,-0.0010015
4.5e-07,-0.000856
4.504e-07,-0.0002842188
4.508e-07,0.0
4.512e-07,-0.0004246563
4.516e-07,-0.000856
4.52e-07,-0.0005784688
4.524e-07,0.0
4.528e-07,0.0001304062
4.532e-07,0.0
4.536e-07,-6.6875e-06
4.54e-07,0.0
4.544e-07,-0.00024075
4.548e-07,-0.000428
4.552e-07,-0.0003577812
4.556e-07,-0.000428
4.56e-07,-0.00088275
4.564e-07,-0.001284
4.568e-07,-0.0011787
4.572e-07,-0.000856
4.576e-07,-0.0007456563
4.58e-07,-0.000856
4.584e-07,-0.0008108594
4.588e-07,-0.000428
4.592e-07,6.6875e-06
4.596e-07,0.0
4.6e-07,-0.0005115938
4.604e-07,-0.000856
4.608e-07,-0.0006654063
4.612e-07,-0.000428
4.616e-07,-0.0007339531
4.62e-07,-0.001284
4.624e-07,-0.0014646
4.628e-07,-0.001284
4.632e-07,-0.0011402
4.636e-07,-0.001284
4.64e-07,-0.0015482
4.644e-07,-0.001712
4.648e-07,-0.0015699
4.652e-07,-0.001284
4.656e-07,-0.0010182
4.66e-07,-0.000856
4.664e-07,-0.0007707344
4.668e-07,-0.000856
4.672e-07,-0.0010081
4.676e-07,-0.000856
4.68e-07,-0.0003327031
4.684e-07,0.0
4.688e-07,-0.0002106563
4.692e-07,-0.000428
4.696e-07,-0.0002223594
4.7e-07,0.0
4.704e-07,-0.0002106563
4.708e-07,-0.000428
4.712e-07,-0.000227375
4.716e-07,0.0
4.72e-07,-0.0001972813
4.724e-07,-0.000428
4.728e-07,-0.0002624844
4.732e-07,0.0
4.736e-07,-0.0001187031
4.74e-07,-0.000428
4.744e-07,-0.0005299844
4.748e-07,-0.000428
4.752e-07,-0.0003761719
4.756e-07,-0.000428
4.76e-07,-0.0005650938
4.764e-07,-0.000856
4.768e-07,-0.0011987
4.772e-07,-0.001284
4.776e-07,-0.0010249
4.78e-07,-0.000856
4.784e-07,-0.0010366
4.788e-07,-0.001284
4.792e-07,-0.001182
4.796e-07,-0.000856
4.8e-07,-0.0007005156
4.804e-07,-0.000856
4.808e-07,-0.0011302
4.812e-07,-0.001284
4.816e-07,-0.0011803
4.82e-07,-0.000856
4.824e-07,-0.00061525
4.828e-07,-0.000856
4.832e-07,-0.0014545
4.836e-07,-0.001712
4.84e-07,-0.0012857
4.844e-07,-0.000856
4.848e-07,-0.000976375
4.852e-07,-0.001284
4.856e-07,-0.001187
4.86e-07,-0.000856
4.864e-07,-0.0007389688
4.868e-07,-0.000856
4.872e-07,-0.0008192188
4.876e-07,-0.000428
4.88e-07,2.17344e-05
4.884e-07,0.0
4.888e-07,-0.0005600781
4.892e-07,-0.000856
4.896e-07,-0.0004514063
4.9e-07,0.0
4.904e-07,-0.0001671875
4.908e-07,-0.000428
4.912e-07,-0.0002307188
4.916e-07,0.0
4.92e-07,-0.0003360469
4.924e-07,-0.000856
4.928e-07,-0.0009646719
4.932e-07,-0.000856
4.936e-07,-0.000976375
4.94e-07,-0.001284
4.944e-07,-0.0014111
4.948e-07,-0.001284
4.952e-07,-0.0010215
4.956e-07,-0.000856
4.96e-07,-0.00082925
4.964e-07,-0.000856
4.968e-07,-0.0008392812
4.972e-07,-0.000856
4.976e-07,-0.0009161875
4.98e-07,-0.000856
4.984e-07,-0.0006068907
4.988e-07,-0.000428
4.992e-07,-0.0005567344
4.996e-07,-0.000856
5e-07,-0.0009914219
5.004e-07,-0.000856
5.008e-07,-0.0005801406
5.012e-07,-0.000428
5.016e-07,-0.0004430469
5.02e-07,-0.000428
5.024e-07,-0.0002323906
5.028e-07,0.0
5.032e-07,6.6875e-05
5.036e-07,0.0
5.04e-07,-6.35313e-05
5.044e-07,0.0
5.048e-07,6.18594e-05
5.052e-07,0.0
5.056e-07,-0.0001354219
5.06e-07,0.0
5.064e-07,0.0003728281
5.068e-07,0.000428
5.072e-07,-0.0001922656
5.076e-07,-0.000856
5.08e-07,-0.0009663438
5.084e-07,-0.000856
5.088e-07,-0.0009078282
5.092e-07,-0.000856
5.096e-07,-0.0004865156
5.1e-07,-0.000428
5.104e-07,-0.0010633
5.108e-07,-0.001712
5.112e-07,-0.0015465
5.116e-07,-0.000856
5.12e-07,-0.0003928906
5.124e-07,-0.000428
5.128e-07,-0.0006871406
5.132e-07,-0.000856
5.136e-07,-0.0008526563
5.14e-07,-0.000856
5.144e-07,-0.0010065
5.148e-07,-0.001284
5.152e-07,-0.0014194
5.156e-07,-0.001284
5.16e-07,-0.00088275
5.164e-07,-0.000428
5.168e-07,-0.0001019844
5.172e-07,0.0
5.176e-07,-4.84844e-05
5.18e-07,0.0
5.184e-07,0.0002056406
5.188e-07,0.000428
5.192e-07,0.0004631094
5.196e-07,0.000428
5.2e-07,0.00029425
5.204e-07,0.0
5.208e-07,-0.000494875
5.212e-07,-0.000856
5.216e-07,-0.0007924688
5.22e-07,-0.000428
5.224e-07,-0.0001889219
5.228e-07,-0.000428
5.232e-07,-0.0009696875
5.236e-07,-0.001284
5.24e-07,-0.0010867
5.244e-07,-0.000856
5.248e-07,-0.0009830625
5.252e-07,-0.001284
5.256e-07,-0.0012639
5.26e-07,-0.000856
5.264e-07,-0.0004313438
5.268e-07,-0.000428
5.272e-07,-0.0007523437
5.276e-07,-0.000856
5.28e-07,-0.000548375
5.284e-07,-0.000428
5.288e-07,-0.0008860938
5.292e-07,-0.001284
5.296e-07,-0.000976375
5.3e-07,-0.000428
5.304e-07,-0.000307625
5.308e-07,-0.000428
5.312e-07,-0.0003845312
5.316e-07,-0.000428
5.32e-07,-0.0007607031
5.324e-07,-0.000856
5.328e-07,-0.0003828594
5.332e-07,0.0
5.336e-07,-0.0002357344
5.34e-07,-0.000428
5.344e-07,-0.0001270625
5.348e-07,0.0
5.352e-07,-0.0005316563
5.356e-07,-0.000856
5.36e-07,-0.0003510938
5.364e-07,0.0
5.368e-07,-0.0007189063
5.372e-07,-0.001712
5.376e-07,-0.0018106
5.38e-07,-0.001284
5.384e-07,-0.0009095
5.388e-07,-0.000856
5.392e-07,-0.0007105469
5.396e-07,-0.000428
5.4e-07,-0.0002758594
5.404e-07,-0.000428
5.408e-07,-0.0007423125
5.412e-07,-0.000856
5.416e-07,-0.0005299844
5.42e-07,0.0
5.424e-07,0.0002307188
5.428e-07,0.0
5.432e-07,-0.0005032344
5.436e-07,-0.000856
5.44e-07,-0.0008025
5.444e-07,-0.000428
5.448e-07,-5.85156e-05
5.452e-07,0.0
5.456e-07,-0.0002340625
5.46e-07,-0.000428
5.464e-07,-0.0004129531
5.468e-07,-0.000428
5.472e-07,-0.0006537031
5.476e-07,-0.000856
5.48e-07,-0.0007189063
5.484e-07,-0.000428
5.488e-07,-0.0002156719
5.492e-07,0.0
5.496e-07,0.0002039688
5.5e-07,0.0
5.504e-07,-0.00061525
5.508e-07,-0.000856
5.512e-07,-0.0002624844
5.516e-07,0.000428
5.52e-07,0.0004029219
5.524e-07,0.0
5.528e-07,-0.0001370938
5.532e-07,0.0
5.536e-07,4.84844e-05
5.54e-07,0.0
5.544e-07,-3.3437e-06
5.548e-07,0.0
5.552e-07,-0.0001621719
5.556e-07,-0.000428
5.56e-07,-0.0005801406
5.564e-07,-0.000428
5.568e-07,-7.85781e-05
5.572e-07,0.0
5.576e-07,-0.0003945625
5.58e-07,-0.000856
5.584e-07,-0.0009646719
5.588e-07,-0.000856
5.592e-07,-0.0008125313
5.596e-07,-0.000856
5.6e-07,-0.0007439844
5.604e-07,-0.000428
5.608e-07,-0.0002056406
5.612e-07,-0.000428
5.616e-07,-0.0009930938
5.62e-07,-0.001284
5.624e-07,-0.0009312344
5.628e-07,-0.000428
5.632e-07,-0.0004179688
5.636e-07,-0.000856
5.64e-07,-0.0012272
5.644e-07,-0.001284
5.648e-07,-0.00108
5.652e-07,-0.000856
5.656e-07,-0.0007506719
5.66e-07,-0.000856
5.664e-07,-0.0009847344
5.668e-07,-0.000856
5.672e-07,-0.0004112812
5.676e-07,0.0
5.68e-07,8.69375e-05
5.684e-07,0.0
5.688e-07,-4.84844e-05
5.692e-07,0.0
5.696e-07,0.0
5.7e-07,0.0
5.704e-07,1.67187e-05
5.708e-07,0.0
5.712e-07,-0.0001705312
5.716e-07,-0.000428
5.72e-07,-0.0006587188
5.724e-07,-0.000856
5.728e-07,-0.0009412657
5.732e-07,-0.000856
5.736e-07,-0.0006135781
5.74e-07,-0.000428
5.744e-07,-0.0004179688
5.748e-07,-0.000428
5.752e-07,-0.0002741875
5.756e-07,0.0
5.76e-07,0.000120375
5.764e-07,0.0
5.768e-07,-0.0003761719
5.772e-07,-0.000856
5.776e-07,-0.0012171
5.78e-07,-0.001284
5.784e-07,-0.001162
5.788e-07,-0.001284
5.792e-07,-0.0017237
5.796e-07,-0.00214
5.8e-07,-0.0019695
5.804e-07,-0.001284
5.808e-07,-0.0005500469
5.812e-07,-0.000428
5.816e-07,-0.0008041719
5.82e-07,-0.000856
5.824e-07,-0.0002039688
5.828e-07,0.000428
5.832e-07,0.0003276875
5.836e-07,0.0
5.84e-07,8.69375e-05
5.844e-07,0.000428
5.848e-07,0.0003678125
5.852e-07,0.0
5.856e-07,-0.0003042812
5.86e-07,-0.000428
5.864e-07,-0.0004781563
5.868e-07,-0.000428
5.872e-07,-0.0003327031
5.876e-07,-0.000428
5.88e-07,-0.0007205781
5.884e-07,-0.000856
5.888e-07,-0.000642
5.892e-07,-0.000428
5.896e-07,-0.0005550625
5.9e-07,-0.000856
5.904e-07,-0.0009663438
5.908e-07,-0.000856
5.912e-07,-0.0007540156
5.916e-07,-0.000856
5.92e-07,-0.0011018
5.924e-07,-0.001284
5.928e-07,-0.0012857
5.932e-07,-0.001284
5.936e-07,-0.0013358
5.94e-07,-0.001284
5.944e-07,-0.0010098
5.948e-07,-0.000856
5.952e-07,-0.0010366
5.956e-07,-0.001284
5.96e-07,-0.0011904
5.964e-07,-0.000856
5.968e-07,-0.0005784688
5.972e-07,-0.000428
5.976e-07,-0.0003594531
5.98e-07,-0.000428
5.984e-07,-0.0005717812
5.988e-07,-0.000428
5.992e-07,-3.17656e-05
5.996e-07,0.0
6e-07,-0.0005533907
6.004e-07,-0.000856
6.008e-07,-0.0004112812
6.012e-07,0.0
6.016e-07,-0.0003577812
6.02e-07,-0.000856
6.024e-07,-0.0007339531
6.028e-07,-0.000428
6.032e-07,-0.0005901719
6.036e-07,-0.000856
6.04e-07,-0.0006754375
6.044e-07,-0.000428
6.048e-07,-0.0005985313
6.052e-07,-0.000856
6.056e-07,-0.0008208907
6.06e-07,-0.000856
6.064e-07,-0.0011904
6.068e-07,-0.001284
6.072e-07,-0.0007941406
6.076e-07,-0.000428
6.08e-07,-0.0007707344
6.084e-07,-0.001284
6.088e-07,-0.0012171
6.092e-07,-0.000856
6.096e-07,-0.0007523437
6.1e-07,-0.000856
6.104e-07,-0.0008392812
6.108e-07,-0.000856
6.112e-07,-0.0009847344
6.116e-07,-0.000856
6.12e-07,-0.0003293594
6.124e-07,0.0
6.128e-07,-0.0002223594
6.132e-07,-0.000428
6.136e-07,-8.52656e-05
6.14e-07,0.000428
6.144e-07,0.0004430469
6.148e-07,0.0
6.152e-07,-0.0004062656
6.156e-07,-0.000428
6.16e-07,-0.0001855781
6.164e-07,0.0
6.168e-07,-2.17344e-05
6.172e-07,0.0
6.176e-07,0.0002340625
6.18e-07,0.000428
6.184e-07,0.0002875625
6.188e-07,0.0
6.192e-07,-0.0002022969
6.196e-07,-0.000428
6.2e-07,-0.0007657188
6.204e-07,-0.000856
6.208e-07,-0.0004764844
6.212e-07,0.0
6.216e-07,0.0001387656
6.22e-07,0.0
6.224e-07,-0.0001972813
6.228e-07,-0.000428
6.232e-07,-0.0008041719
6.236e-07,-0.001284
6.24e-07,-0.0015515
6.244e-07,-0.001284
6.248e-07,-0.0006587188
6.252e-07,-0.000428
6.256e-07,-0.0008677031
6.26e-07,-0.001284
6.264e-07,-0.0010901
6.268e-07,-0.000856
6.272e-07,-0.0011954
6.276e-07,-0.001712
6.28e-07,-0.0016853
6.284e-07,-0.001284
6.288e-07,-0.0009864062
6.292e-07,-0.000856
6.296e-07,-0.0007389688
6.3e-07,-0.000856
6.304e-07,-0.0012054
6.308e-07,-0.001284
6.312e-07,-0.0008275781
6.316e-07,-0.000428
6.32e-07,-0.0004764844
6.324e-07,-0.000428
6.328e-07,7.52344e-05
6.332e-07,0.000428
6.336e-07,5.01562e-05
6.34e-07,-0.000428
6.344e-07,-0.0003377188
6.348e-07,0.0
6.352e-07,-9.02813e-05
6.356e-07,-0.000428
6.36e-07,-0.0005533907
6.364e-07,-0.000428
6.368e-07,-0.0003527656
6.372e-07,-0.000428
6.376e-07,-0.0005918437
6.38e-07,-0.000856
6.384e-07,-0.0011452
6.388e-07,-0.001284
6.392e-07,-0.0012322
6.396e-07,-0.001284
6.4e-07,-0.0014295
6.404e-07,-0.001284
6.408e-07,-0.00072225
6.412e-07,-0.000428
6.416e-07,-0.0008058437
6.42e-07,-0.001284
6.424e-07,-0.0012038
6.428e-07,-0.000856
6.432e-07,-0.0007690625
6.436e-07,-0.000856
6.44e-07,-0.0007339531
6.444e-07,-0.000428
6.448e-07,-0.0002758594
6.452e-07,-0.000428
6.456e-07,-0.0007172344
6.46e-07,-0.000856
6.464e-07,-0.0006854688
6.468e-07,-0.000428
6.472e-07,-0.0003410625
6.476e-07,-0.000428
6.48e-07,-0.0005015625
6.484e-07,-0.000428
6.488e-07,-0.0002374063
6.492e-07,0.0
6.496e-07,0.000214
6.5e-07,0.000428
6.504e-07,0.0005149375
6.508e-07,0.000428
6.512e-07,5.85156e-05
6.516e-07,-0.000428
6.52e-07,-0.0007941406
6.524e-07,-0.000856
6.528e-07,-0.0007573594
6.532e-07,-0.000856
6.536e-07,-0.001269
6.54e-07,-0.001712
6.544e-07,-0.0017153
6.548e-07,-0.001284
6.552e-07,-0.0008058437
6.556e-07,-0.000856
6.56e-07,-0.001386
6.564e-07,-0.001712
6.568e-07,-0.0013559
6.572e-07,-0.000856
6.576e-07,-0.0007740781
6.58e-07,-0.000856
6.584e-07,-0.000762375
6.588e-07,-0.000856
6.592e-07,-0.0012924
6.596e-07,-0.001284
6.6e-07,-0.0004781563
6.604e-07,0.0
6.608e-07,-0.00061525
6.612e-07,-0.001284
6.616e-07,-0.000976375
6.62e-07,-0.000428
6.624e-07,-0.0005717812
6.628e-07,-0.000856
6.632e-07,-0.0004848438
6.636e-07,0.0
6.64e-07,-0.0001387656
6.644e-07,-0.000428
6.648e-07,-0.0002457656
6.652e-07,0.0
6.656e-07,-0.0002039688
6.66e-07,-0.000428
6.664e-07,-0.000227375
6.668e-07,0.0
6.672e-07,-0.0002039688
6.676e-07,-0.000428
6.68e-07,-0.0002323906
6.684e-07,0.0
6.688e-07,-0.0001855781
6.692e-07,-0.000428
6.696e-07,-0.0003694844
6.7e-07,-0.000428
6.704e-07,-0.0008125313
6.708e-07,-0.000856
6.712e-07,-0.0002624844
6.716e-07,0.0
6.72e-07,-0.0006754375
6.724e-07,-0.001284
6.728e-07,-0.000815875
6.732e-07,0.0
6.736e-07,6.6875e-05
6.74e-07,-0.000428
6.744e-07,-0.0007439844
6.748e-07,-0.000856
6.752e-07,-0.000976375
6.756e-07,-0.000856
6.76e-07,-0.0003460781
6.764e-07,0.0
6.768e-07,-0.0001889219
6.772e-07,-0.000428
6.776e-07,-0.0002641563
6.78e-07,0.0
6.784e-07,-0.0001170313
6.788e-07,-0.000428
6.792e-07,-0.0005299844
6.796e-07,-0.000428
6.8e-07,-0.0003778438
6.804e-07,-0.000428
6.808e-07,-0.00056175
6.812e-07,-0.000856
6.816e-07,-0.0011987
6.82e-07,-0.001284
6.824e-07,-0.0009145156
6.828e-07,-0.000428
6.832e-07,-0.0002173438
6.836e-07,-0.000428
6.84e-07,-0.0007774219
6.844e-07,-0.000856
6.848e-07,-0.0006052188
6.852e-07,-0.000428
6.856e-07,-0.0005099219
6.86e-07,-0.000428
6.864e-07,2.675e-05
6.868e-07,0.000428
6.872e-07,0.000200625
6.876e-07,-0.000428
6.88e-07,-0.0008794063
6.884e-07,-0.000856
6.888e-07,-0.0006587188
6.892e-07,-0.000856
6.896e-07,-0.0014361
6.9e-07,-0.001712
6.904e-07,-0.0012773
6.908e-07,-0.000856
6.912e-07,-0.0010031
6.916e-07,-0.001284
6.92e-07,-0.0009847344
6.924e-07,-0.000428
6.928e-07,-0.00024075
6.932e-07,-0.000428
6.936e-07,-0.0005684375
6.94e-07,-0.000428
6.944e-07,-0.0001554844
6.948e-07,0.0
6.952e-07,-2.50781e-05
6.956e-07,0.0
6.96e-07,0.0001103438
6.964e-07,0.0
6.968e-07,-0.0004848438
6.972e-07,-0.000856
6.976e-07,-0.0006202657
6.98e-07,0.0
6.984e-07,0.0004263281
6.988e-07,0.000428
6.992e-07,0.0001621719
6.996e-07,0.0
7e-07,8.3594e-06
7.004e-07,0.0
7.008e-07,-0.0002240313
7.012e-07,-0.000428
7.016e-07,-0.0004430469
7.02e-07,-0.000428
7.024e-07,-0.0006102344
7.028e-07,-0.000856
7.032e-07,-0.0010182
7.036e-07,-0.001284
7.04e-07,-0.0017237
7.044e-07,-0.00214
7.048e-07,-0.0021149
7.052e-07,-0.001712
7.056e-07,-0.0012539
7.06e-07,-0.001284
7.064e-07,-0.0016618
7.068e-07,-0.001712
7.072e-07,-0.0010683
7.076e-07,-0.000428
7.08e-07,-0.0003644688
7.084e-07,-0.000428
7.088e-07,-6.01875e-05
7.092e-07,0.000428
7.096e-07,0.0003845312
7.1e-07,0.0
7.104e-07,-0.0003026094
7.108e-07,-0.000428
7.112e-07,-0.0005115938
7.116e-07,-0.000428
7.12e-07,-0.0001521406
7.124e-07,0.0
7.128e-07,-0.0001805625
7.132e-07,-0.000428
7.136e-07,-0.0004614375
7.14e-07,-0.000428
7.144e-07,-0.0004764844
7.148e-07,-0.000428
7.152e-07,-0.0001688594
7.156e-07,0.0
7.16e-07,-0.00018725
7.164e-07,-0.000428
7.168e-07,-0.0004363594
7.172e-07,-0.000428
7.176e-07,-0.000642
7.18e-07,-0.000856
7.184e-07,-0.0008459688
7.188e-07,-0.000856
7.192e-07,-0.00108
7.196e-07,-0.001284
7.2e-07,-0.0011385
7.204e-07,-0.000856
7.208e-07,-0.0007456563
7.212e-07,-0.000856
7.216e-07,-0.0009262188
7.22e-07,-0.000856
7.224e-07,-0.0006570469
7.228e-07,-0.000428
7.232e-07,-0.0003059531
7.236e-07,-0.000428
7.24e-07,-0.0006302969
7.244e-07,-0.000428
7.248e-07,0.0001621719
7.252e-07,0.000428
7.256e-07,-2.34062e-05
7.26e-07,-0.000428
7.264e-07,-0.0002290469
7.268e-07,0.0
7.272e-07,-0.0003694844
7.276e-07,-0.000856
7.28e-07,-0.0007690625
7.284e-07,-0.000428
7.288e-07,-0.0004781563
7.292e-07,-0.000856
7.296e-07,-0.0010349
7.3e-07,-0.000856
7.304e-07,-0.0004246563
7.308e-07,0.0
7.312e-07,0.0001805625
7.316e-07,0.0
7.32e-07,-0.0004380312
7.324e-07,-0.000856
7.328e-07,-0.0009044844
7.332e-07,-0.000428
7.336e-07,0.0002424219
7.34e-07,0.000428
7.344e-07,-5.18281e-05
7.348e-07,-0.000428
7.352e-07,-0.0001270625
7.356e-07,0.000428
7.36e-07,0.0004798281
7.364e-07,0.0
7.368e-07,-0.0004748125
7.372e-07,-0.000428
7.376e-07,-6.01875e-05
7.38e-07,0.0
7.384e-07,-0.0004614375
7.388e-07,-0.000856
7.392e-07,-0.0006871406
7.396e-07,-0.000428
7.4e-07,-0.0006854688
7.404e-07,-0.001284
7.408e-07,-0.0015381
7.412e-07,-0.001284
7.416e-07,-0.0007724063
7.42e-07,-0.000428
7.424e-07,-0.0003594531
7.428e-07,-0.000428
7.432e-07,-0.0004313438
7.436e-07,-0.000428
7.44e-07,-0.0004764844
7.444e-07,-0.000428
7.448e-07,-0.000200625
7.452e-07,0.0
7.456e-07,-1.50469e-05
7.46e-07,0.0
7.464e-07,0.0002123281
7.468e-07,0.000428
7.472e-07,0.0003243438
7.476e-07,0.0
7.48e-07,-0.0002892344
7.484e-07,-0.000428
7.488e-07,-0.0004597656
7.492e-07,-0.000428
7.496e-07,-0.0003895469
7.5e-07,-0.000428
7.504e-07,-0.0004965469
7.508e-07,-0.000428
7.512e-07,-0.000173875
7.516e-07,0.0
7.52e-07,-0.0001421094
7.524e-07,-0.000428
7.528e-07,-0.0006570469
7.532e-07,-0.000856
7.536e-07,-0.0009947657
7.54e-07,-0.000856
7.544e-07,-0.0004631094
7.548e-07,-0.000428
7.552e-07,-0.0010282
7.556e-07,-0.001712
7.56e-07,-0.0017454
7.564e-07,-0.001284
7.568e-07,-0.000762375
7.572e-07,-0.000428
7.576e-07,-0.00018725
7.58e-07,0.0
7.584e-07,6.52031e-05
7.588e-07,0.0
7.592e-07,-9.02813e-05
7.596e-07,0.0
7.6e-07,0.0002440938
7.604e-07,0.000428
7.608e-07,0.0002758594
7.612e-07,0.0
7.616e-07,-0.0001270625
7.62e-07,0.0
7.624e-07,0.0001354219
7.628e-07,0.0
7.632e-07,-0.0004363594
7.636e-07,-0.000856
7.64e-07,-0.0009596563
7.644e-07,-0.000856
7.648e-07,-0.0007707344
7.652e-07,-0.000856
7.656e-07,-0.0009329063
7.66e-07,-0.000856
7.664e-07,-0.0006219375
7.668e-07,-0.000428
7.672e-07,-0.0003928906
7.676e-07,-0.000428
7.68e-07,-0.0003176563
7.684e-07,0.0
7.688e-07,0.000200625
7.692e-07,0.0
7.696e-07,-0.0006336406
7.7e-07,-0.001284
7.704e-07,-0.0014111
7.708e-07,-0.000856
7.712e-07,-0.0002106563
7.716e-07,-0.000428
7.72e-07,-0.0014913
7.724e-07,-0.00214
7.728e-07,-0.0014746
7.732e-07,-0.000428
7.736e-07,-0.0002374063
7.74e-07,-0.000856
7.744e-07,-0.0013525
7.748e-07,-0.001284
7.752e-07,-0.0008493125
7.756e-07,-0.000428
7.76e-07,-0.0002758594
7.764e-07,-0.000428
7.768e-07,-0.0007205781
7.772e-07,-0.000856
7.776e-07,-0.0007272657
7.78e-07,-0.000428
7.784e-07,-0.0002374063
7.788e-07,-0.000428
7.792e-07,-0.0009479531
7.796e-07,-0.001284
7.8e-07,-0.0011319
7.804e-07,-0.000856
7.808e-07,-0.000789125
7.812e-07,-0.000856
7.816e-07,-0.0008225625
7.82e-07,-0.000856
7.824e-07,-0.0010867
7.828e-07,-0.001284
7.832e-07,-0.0010416
7.836e-07,-0.000428
7.84e-07,0.0001554844
7.844e-07,0.000428
7.848e-07,0.0002959219
7.852e-07,0.0
7.856e-07,-0.0001855781
7.86e-07,0.0
7.864e-07,0.0002591406
7.868e-07,0.0
7.872e-07,-0.0008275781
7.876e-07,-0.001284
7.88e-07,-0.0008727188
7.884e-07,-0.000428
7.888e-07,-0.0007189063
7.892e-07,-0.001284
7.896e-07,-0.0012589
7.9e-07,-0.000856
7.904e-07,-0.0006938282
7.908e-07,-0.000856
7.912e-07,-0.0009563125
7.916e-07,-0.000856
7.92e-07,-0.0006353125
7.924e-07,-0.000428
7.928e-07,-0.000334375
7.932e-07,-0.000428
7.936e-07,-0.0006570469
7.94e-07,-0.000856
7.944e-07,-0.0008911094
7.948e-07,-0.000856
7.952e-07,-0.0007556875
7.956e-07,-0.000428
7.96e-07,-6.6875e-06
7.964e-07,0.0
7.968e-07,-0.0004296719
7.972e-07,-0.000428
7.976e-07,0.0003260156
7.98e-07,0.000856
7.984e-07,0.0002457656
7.988e-07,-0.000856
7.992e-07,-0.0013041
7.996e-07,-0.000856
8e-07,-0.0003042812
8.004e-07,-0.000428
8.008e-07,-0.0010767
8.012e-07,-0.001284
8.016e-07,-0.0006135781
8.02e-07,0.0
8.024e-07,-0.0003661406
8.028e-07,-0.001284
8.032e-07,-0.0017688
8.036e-07,-0.001712
8.04e-07,-0.0015064
8.044e-07,-0.001284
8.048e-07,-0.000976375
8.052e-07,-0.000856
8.056e-07,-0.0010416
8.06e-07,-0.001284
8.064e-07,-0.0013007
8.068e-07,-0.001284
8.072e-07,-0.0013241
8.076e-07,-0.001284
8.08e-07,-0.0009462812
8.084e-07,-0.000428
8.088e-07,-6.01875e-05
8.092e-07,0.0
8.096e-07,-0.0001086719
8.1e-07,0.0
8.104e-07,0.0003092969
8.108e-07,0.000428
8.112e-07,3.51094e-05
8.116e-07,-0.000428
8.12e-07,-0.0005600781
8.124e-07,-0.000428
8.128e-07,-0.0004714688
8.132e-07,-0.000856
8.136e-07,-0.001274
8.14e-07,-0.001284
8.144e-07,-0.0009095
8.148e-07,-0.000856
8.152e-07,-0.0013525
8.156e-07,-0.001712
8.16e-07,-0.0013291
8.164e-07,-0.000856
8.168e-07,-0.0009663438
8.172e-07,-0.001284
8.176e-07,-0.0011553
8.18e-07,-0.000856
8.184e-07,-0.0008392812
8.188e-07,-0.000856
8.192e-07,-0.0006052188
8.196e-07,-0.000428
8.2e-07,-0.0006436719
8.204e-07,-0.000856
8.208e-07,-0.0006837969
8.212e-07,-0.000428
8.216e-07,-0.0005366719
8.22e-07,-0.000856
8.224e-07,-0.000976375
8.228e-07,-0.000856
8.232e-07,-0.0006436719
8.236e-07,-0.000428
8.24e-07,-0.0002975938
8.244e-07,-0.000428
8.248e-07,-0.0007523437
8.252e-07,-0.000856
8.256e-07,-0.0005099219
8.26e-07,0.0
8.264e-07,0.0001956094
8.268e-07,0.0
8.272e-07,-0.0003410625
8.276e-07,-0.000428
8.28e-07,-0.0003159844
8.284e-07,-0.000428
8.288e-07,-0.0009128438
8.292e-07,-0.001284
8.296e-07,-0.0011385
8.3e-07,-0.000856
8.304e-07,-0.0009262188
8.308e-07,-0.001284
8.312e-07,-0.0014311
8.316e-07,-0.001284
8.32e-07,-0.0010098
8.324e-07,-0.000856
8.328e-07,-0.0008359375
8.332e-07,-0.000856
8.336e-07,-0.000735625
8.34e-07,-0.000428
8.344e-07,-0.0001019844
8.348e-07,0.0
8.352e-07,-0.0002022969
8.356e-07,-0.000428
8.36e-07,-0.0004781563
8.364e-07,-0.000428
8.368e-07,-0.0004497344
8.372e-07,-0.000428
8.376e-07,-0.00034775
8.38e-07,-0.000428
8.384e-07,-0.00072225
8.388e-07,-0.000856
8.392e-07,-0.0006085625
8.396e-07,-0.000428
8.4e-07,-0.0007272657
8.404e-07,-0.001284
8.408e-07,-0.0015298
8.412e-07,-0.001284
8.416e-07,-0.0007640469
8.42e-07,-0.000428
8.424e-07,-0.00040125
8.428e-07,-0.000428
8.432e-07,-0.0003444063
8.436e-07,-0.000428
8.44e-07,-0.0007673907
8.444e-07,-0.000856
8.448e-07,-0.0004062656
8.452e-07,0.0
8.456e-07,-0.0001621719
8.46e-07,-0.000428
8.464e-07,-0.000280875
8.468e-07,0.0
8.472e-07,-0.0001019844
8.476e-07,-0.000428
8.48e-07,-0.0005467031
8.484e-07,-0.000428
8.488e-07,-0.0003510938
8.492e-07,-0.000428
8.496e-07,-0.0006219375
8.5e-07,-0.000856
8.504e-07,-0.000976375
8.508e-07,-0.000856
8.512e-07,-0.0005567344
8.516e-07,-0.000428
8.52e-07,-0.0006002031
8.524e-07,-0.000856
8.528e-07,-0.0009379219
8.532e-07,-0.000856
8.536e-07,-0.0007874531
8.54e-07,-0.000856
8.544e-07,-0.0008309219
8.548e-07,-0.000428
8.552e-07,0.0001153594
8.556e-07,0.0
8.56e-07,-0.000949625
8.564e-07,-0.001712
8.568e-07,-0.0013509
8.572e-07,-0.000428
8.576e-07,7.69063e-05
8.58e-07,0.0
8.584e-07,-0.0001370938
8.588e-07,0.0
8.592e-07,0.0002708438
8.596e-07,0.000428
8.6e-07,0.0003979063
8.604e-07,0.000428
8.608e-07,0.0006119063
8.612e-07,0.000856
8.616e-07,0.0007724063
8.62e-07,0.000428
8.624e-07,6.01875e-05
8.628e-07,0.0
8.632e-07,0.0001036563
8.636e-07,0.0
8.64e-07,-0.0005500469
8.644e-07,-0.001284
8.648e-07,-0.001712
8.652e-07,-0.001712
8.656e-07,-0.0015264
8.66e-07,-0.001712
8.664e-07,-0.0021316
8.668e-07,-0.00214
8.672e-07,-0.0014244
8.676e-07,-0.000856
8.68e-07,-0.0009964375
8.684e-07,-0.001284
8.688e-07,-0.0009663438
8.692e-07,-0.000428
8.696e-07,-0.0004246563
8.7e-07,-0.000856
8.704e-07,-0.0010934
8.708e-07,-0.000856
8.712e-07,-0.0003694844
8.716e-07,0.0
8.72e-07,-3.17656e-05
8.724e-07,-0.000428
8.728e-07,-0.0008392812
8.732e-07,-0.000856
8.736e-07,-0.0004346875
8.74e-07,0.0
8.744e-07,9.69688e-05
8.748e-07,0.0
8.752e-07,-5.01562e-05
8.756e-07,0.0
8.76e-07,0.0
8.764e-07,0.0
8.768e-07,1.17031e-05
8.772e-07,0.0
8.776e-07,-0.0001788906
8.78e-07,-0.000428
8.784e-07,-0.0006603907
8.788e-07,-0.000856
8.792e-07,-0.0010449
8.796e-07,-0.001284
8.8e-07,-0.0015147
8.804e-07,-0.001712
8.808e-07,-0.0017488
8.812e-07,-0.001712
8.816e-07,-0.0015348
8.82e-07,-0.001284
8.824e-07,-0.0009780469
8.828e-07,-0.000856
8.832e-07,-0.0008844219
8.836e-07,-0.000856
8.84e-07,-0.000535
8.844e-07,0.0
8.848e-07,0.000387875
8.852e-07,0.000428
8.856e-07,0.0002491094
8.86e-07,0.000428
8.864e-07,0.0009613282
8.868e-07,0.001284
8.872e-07,0.0007991563
8.876e-07,0.0
8.88e-07,-0.000468125
8.884e-07,-0.000428
8.888e-07,-0.0002925781
8.892e-07,-0.000428
8.896e-07,-0.0008526563
8.9e-07,-0.001284
8.904e-07,-0.0014947
8.908e-07,-0.001712
8.912e-07,-0.0018842
8.916e-07,-0.001712
8.92e-07,-0.0010884
8.924e-07,-0.000856
8.928e-07,-0.0013375
8.932e-07,-0.001712
8.936e-07,-0.001182
8.94e-07,-0.000428
8.944e-07,-0.0002792031
8.948e-07,-0.000428
8.952e-07,-0.0002792031
8.956e-07,0.0
8.96e-07,3.3437e-06
8.964e-07,0.0
8.968e-07,0.0002424219
8.972e-07,0.000428
8.976e-07,0.000120375
8.98e-07,-0.000428
8.984e-07,-0.0006904844
8.988e-07,-0.000428
8.992e-07,0.0001103438
8.996e-07,0.000428
9e-07,0.0002675
9.004e-07,0.0
9.008e-07,-9.69688e-05
9.012e-07,0.0
9.016e-07,-1.6719e-06
9.02e-07,0.0
9.024e-07,3.3437e-06
9.028e-07,0.0
9.032e-07,-0.0003979063
9.036e-07,-0.001284
9.04e-07,-0.0024526
9.044e-07,-0.003424
9.048e-07,-0.003867
9.052e-07,-0.00428
9.056e-07,-0.0047197
9.06e-07,-0.005136
9.064e-07,-0.0047983
9.068e-07,-0.00428
9.072e-07,-0.0036079
9.076e-07,-0.002996
9.08e-07,-0.0019544
9.084e-07,-0.000856
9.088e-07,0.0005283125
9.092e-07,0.002568
9.096e-07,0.0052229
9.1e-07,0.007276
9.104e-07,0.0078612
9.108e-07,0.007704
9.112e-07,0.007821
9.116e-07,0.008132
9.12e-07,0.0082975
9.124e-07,0.00856
9.128e-07,0.0095347
9.132e-07,0.011128
9.136e-07,0.0131008
9.14e-07,0.015408
9.144e-07,0.017986
9.148e-07,0.020544
9.152e-07,0.0222911
9.156e-07,0.023112
9.16e-07,0.0228997
9.164e-07,0.022684
9.168e-07,0.0225753
9.172e-07,0.022684
9.176e-07,0.0223179
9.18e-07,0.021828
9.184e-07,0.0214067
9.188e-07,0.0214
9.192e-07,0.0215087
9.196e-07,0.0214
9.2e-07,0.0209636
9.204e-07,0.020544
9.208e-07,0.0204571
9.212e-07,0.020544
9.216e-07,0.0205524
9.22e-07,0.020544
9.224e-07,0.0205958
9.228e-07,0.020544
9.232e-07,0.0201879
9.236e-07,0.019688
9.24e-07,0.019367
9.244e-07,0.01926
9.248e-07,0.0192032
9.252e-07,0.018832
9.256e-07,0.0183187
9.26e-07,0.017976
9.264e-07,0.0182903
9.268e-07,0.018832
9.272e-07,0.019372
9.276e-07,0.019688
9.28e-07,0.0201896
9.284e-07,0.020972
9.288e-07,0.0220554
9.292e-07,0.023112
9.296e-07,0.0239864
9.3e-07,0.024824
9.304e-07,0.0256148
9.308e-07,0.026108
9.312e-07,0.026113
9.316e-07,0.026108
9.32e-07,0.0263588
9.324e-07,0.026536
9.328e-07,0.0264273
9.332e-07,0.026536
9.336e-07,0.0273953
9.34e-07,0.028676
9.344e-07,0.0297142
9.348e-07,0.030388
9.352e-07,0.0309364
9.356e-07,0.031672
9.36e-07,0.0323942
9.364e-07,0.032956
9.368e-07,0.0329309
9.372e-07,0.032528
9.376e-07,0.0319412
9.38e-07,0.031672
9.384e-07,0.0316519
9.388e-07,0.031672
9.392e-07,0.0313895
9.396e-07,0.030816
9.4e-07,0.0303278
9.404e-07,0.030388
9.408e-07,0.0309648
9.412e-07,0.031244
9.416e-07,0.0309748
9.42e-07,0.030816
9.424e-07,0.0312908
9.428e-07,0.031672
9.432e-07,0.0313276
9.436e-07,0.030816
9.44e-07,0.0309915
9.444e-07,0.031672
9.448e-07,0.032115
9.452e-07,0.0321
9.456e-07,0.0319545
9.46e-07,0.0321
9.464e-07,0.0324478
9.468e-07,0.032528
9.472e-07,0.0320933
9.476e-07,0.031672
9.48e-07,0.0317506
9.484e-07,0.0321
9.488e-07,0.0322187
9.492e-07,0.0321
9.496e-07,0.0320248
9.5e-07,0.0321
9.504e-07,0.0321602
9.508e-07,0.0321
9.512e-07,0.0319913
9.516e-07,0.0321
9.52e-07,0.0323909
9.524e-07,0.032528
9.528e-07,0.0321769
9.532e-07,0.031672
9.536e-07,0.0313778
9.54e-07,0.031244
9.544e-07,0.0310601
9.548e-07,0.030816
9.552e-07,0.0306354
9.556e-07,0.030388
9.56e-07,0.0301322
9.564e-07,0.02996
9.568e-07,0.0302359
9.572e-07,0.030816
9.576e-07,0.031468
9.58e-07,0.031672
9.584e-07,0.0315349
9.588e-07,0.031672
9.592e-07,0.0324762
9.596e-07,0.033384
9.6e-07,0.0338488
9.604e-07,0.03424
9.608e-07,0.0347666
9.612e-07,0.035096
9.616e-07,0.0346897
9.62e-07,0.03424
9.624e-07,0.0342668
9.628e-07,0.034668
9.632e-07,0.0346797
9.636e-07,0.03424
9.64e-07,0.0335311
9.644e-07,0.032956
9.648e-07,0.032528
9.652e-07,0.0321
9.656e-07,0.0315767
9.66e-07,0.031244
9.664e-07,0.0312139
9.668e-07,0.031244
9.672e-07,0.0310133
9.676e-07,0.030816
9.68e-07,0.0307357
9.684e-07,0.030388
9.688e-07,0.0293999
9.692e-07,0.028248
9.696e-07,0.0273736
9.7e-07,0.026536
9.704e-07,0.0255663
9.708e-07,0.024824
9.712e-07,0.0247755
9.716e-07,0.024824
9.72e-07,0.0246434
9.724e-07,0.024396
9.728e-07,0.02461
9.732e-07,0.024824
9.736e-07,0.0248106
9.74e-07,0.024824
9.744e-07,0.0252286
9.748e-07,0.02568
9.752e-07,0.0257485
9.756e-07,0.02568
9.76e-07,0.0257937
9.764e-07,0.026108
9.768e-07,0.0261197
9.772e-07,0.02568
9.776e-07,0.0249059
9.78e-07,0.024396
9.784e-07,0.0243291
9.788e-07,0.024396
9.792e-07,0.0241201
9.796e-07,0.02354
9.8e-07,0.0229983
9.804e-07,0.022684
9.808e-07,0.0224834
9.812e-07,0.022256
9.816e-07,0.0219718
9.82e-07,0.021828
9.824e-07,0.0219233
9.828e-07,0.022256
9.832e-07,0.0223546
9.836e-07,0.021828
9.84e-07,0.0205908
9.844e-07,0.01926
9.848e-07,0.0182853
9.852e-07,0.017548
9.856e-07,0.0168258
9.86e-07,0.016264
9.864e-07,0.016152
9.868e-07,0.016264
9.872e-07,0.0163041
9.876e-07,0.016264
9.88e-07,0.0162122
9.884e-07,0.015836
9.888e-07,0.0151121
9.892e-07,0.014552
9.896e-07,0.0143046
9.9e-07,0.013696
9.904e-07,0.0124354
9.908e-07,0.011556
9.912e-07,0.0118018
9.916e-07,0.012412
9.92e-07,0.0123618
9.924e-07,0.011984
9.928e-07,0.0118168
9.932e-07,0.011556
9.936e-07,0.0106181
9.94e-07,0.009416
9.944e-07,0.0084931
9.948e-07,0.007704
9.952e-07,0.0067728
9.956e-07,0.005992
9.96e-07,0.005666
9.964e-07,0.005564
9.968e-07,0.0053433
9.972e-07,0.005136
9.976e-07,0.0051159
9.98e-07,0.005136
9.984e-07,0.0047448
9.988e-07,0.003852
9.992e-07,0.0024777
9.996e-07,0.000856
1e-06,-0.0006587188
1.0004e-06,-0.001712
1.0008e-06,-0.0021868
1.0012e-06,-0.002568
1.0016e-06,-0.0030445
1.002e-06,-0.003424
1.0024e-06,-0.003302
1.0028e-06,-0.002996
1.0032e-06,-0.0028405
1.0036e-06,-0.002996
1.004e-06,-0.0034207
1.0044e-06,-0.00428
1.0048e-06,-0.0054704
1.0052e-06,-0.00642
1.0056e-06,-0.0067326
1.006e-06,-0.006848
1.0064e-06,-0.0071021
1.0068e-06,-0.007276
1.0072e-06,-0.0070403
1.0076e-06,-0.006848
1.008e-06,-0.0070152
1.0084e-06,-0.007276
1.0088e-06,-0.0072359
1.0092e-06,-0.007276
1.0096e-06,-0.0077174
1.01e-06,-0.008132
1.0104e-06,-0.0081521
1.0108e-06,-0.008132
1.0112e-06,-0.008463
1.0116e-06,-0.00856
1.012e-06,-0.0082507
1.0124e-06,-0.008132
1.0128e-06,-0.0088125
1.0132e-06,-0.009416
1.0136e-06,-0.0095029
1.014e-06,-0.009844
1.0144e-06,-0.0113437
1.0148e-06,-0.013268
1.0152e-06,-0.0145821
1.0156e-06,-0.015408
1.016e-06,-0.0161503
1.0164e-06,-0.016692
1.0168e-06,-0.0166017
1.0172e-06,-0.016264
1.0176e-06,-0.0161102
1.018e-06,-0.016264
1.0184e-06,-0.016468
1.0188e-06,-0.016692
1.0192e-06,-0.0171066
1.0196e-06,-0.017976
1.02e-06,-0.0191563
1.0204e-06,-0.020116
1.0208e-06,-0.0204637
1.0212e-06,-0.020544
1.0216e-06,-0.0206928
1.022e-06,-0.020972
1.0224e-06,-0.0209419
1.0228e-06,-0.020544
1.0232e-06,-0.0200458
1.0236e-06,-0.020116
1.024e-06,-0.0206828
1.0244e-06,-0.020972
1.0248e-06,-0.0205407
1.0252e-06,-0.020116
1.0256e-06,-0.0204286
1.026e-06,-0.020972
1.0264e-06,-0.0210071
1.0268e-06,-0.020544
1.0272e-06,-0.020325
1.0276e-06,-0.020544
1.028e-06,-0.0210589
1.0284e-06,-0.0214
1.0288e-06,-0.0215722
1.0292e-06,-0.021828
1.0296e-06,-0.0225302
1.03e-06,-0.02354
1.0304e-06,-0.0245063
1.0308e-06,-0.025252
1.0312e-06,-0.0257552
1.0316e-06,-0.026108
1.032e-06,-0.0262234
1.0324e-06,-0.026108
1.0328e-06,-0.0258054
1.0332e-06,-0.02568
1.0336e-06,-0.0258405
1.034e-06,-0.026108
1.0344e-06,-0.0263671
1.0348e-06,-0.026964
1.0352e-06,-0.027937
1.0356e-06,-0.028676
1.036e-06,-0.0286309
1.0364e-06,-0.028248
1.0368e-06,-0.028126
1.0372e-06,-0.028248
1.0376e-06,-0.0282748
1.038e-06,-0.028248
1.0384e-06,-0.028263
1.0388e-06,-0.028248
1.0392e-06,-0.0281527
1.0396e-06,-0.028248
1.04e-06,-0.028778
1.0404e-06,-0.029532
1.0408e-06,-0.0300118
1.0412e-06,-0.02996
1.0416e-06,-0.0294802
1.042e-06,-0.029104
1.0424e-06,-0.0291709
1.0428e-06,-0.029532
1.0432e-06,-0.0297243
1.0436e-06,-0.029532
1.044e-06,-0.0290689
1.0444e-06,-0.028676
1.0448e-06,-0.028666
1.0452e-06,-0.029104
1.0456e-06,-0.0297126
1.046e-06,-0.02996
1.0464e-06,-0.0297193
1.0468e-06,-0.029532
1.0472e-06,-0.0297343
1.0476e-06,-0.02996
1.048e-06,-0.0297911
1.0484e-06,-0.029532
1.0488e-06,-0.029517
1.0492e-06,-0.029532
1.0496e-06,-0.0292896
1.05e-06,-0.029104
1.0504e-06,-0.0292846
1.0508e-06,-0.029532
1.0512e-06,-0.0294434
1.0516e-06,-0.029104
1.052e-06,-0.0289234
1.0524e-06,-0.029104
1.0528e-06,-0.0294384
1.0532e-06,-0.029532
1.0536e-06,-0.0292979
1.054e-06,-0.029104
1.0544e-06,-0.0292394
1.0548e-06,-0.029532
1.0552e-06,-0.0295236
1.0556e-06,-0.029104
1.056e-06,-0.0286141
1.0564e-06,-0.028676
1.0568e-06,-0.029226
1.0572e-06,-0.029532
1.0576e-06,-0.029114
1.058e-06,-0.028676
1.0584e-06,-0.028686
1.0588e-06,-0.028676
1.0592e-06,-0.0279638
1.0596e-06,-0.026964
1.06e-06,-0.0264675
1.0604e-06,-0.026536
1.0608e-06,-0.0266062
1.0612e-06,-0.026108
1.0616e-06,-0.0252754
1.062e-06,-0.024824
1.0624e-06,-0.0252035
1.0628e-06,-0.02568
1.0632e-06,-0.0257218
1.0636e-06,-0.02568
1.064e-06,-0.0260963
1.0644e-06,-0.026536
1.0648e-06,-0.0264223
1.0652e-06,-0.026108
1.0656e-06,-0.0260528
1.066e-06,-0.026108
1.0664e-06,-0.0258589
1.0668e-06,-0.02568
1.0672e-06,-0.0257051
1.0676e-06,-0.02568
1.068e-06,-0.0252269
1.0684e-06,-0.024824
1.0688e-06,-0.0246785
1.0692e-06,-0.024396
1.0696e-06,-0.0234614
1.07e-06,-0.022256
1.0704e-06,-0.0214
1.0708e-06,-0.020972
1.0712e-06,-0.0207413
1.0716e-06,-0.020544
1.072e-06,-0.0203735
1.0724e-06,-0.020116
1.0728e-06,-0.0198067
1.0732e-06,-0.019688
1.0736e-06,-0.0197866
1.074e-06,-0.019688
1.0744e-06,-0.0191262
1.0748e-06,-0.018404
1.0752e-06,-0.0178088
1.0756e-06,-0.01712
1.076e-06,-0.0162038
1.0764e-06,-0.015408
1.0768e-06,-0.0152442
1.0772e-06,-0.015408
1.0776e-06,-0.015632
1.078e-06,-0.015836
1.0784e-06,-0.016162
1.0788e-06,-0.016264
1.0792e-06,-0.016045
1.0796e-06,-0.015836
1.08e-06,-0.0159764
1.0804e-06,-0.016264
1.0808e-06,-0.0163058
1.0812e-06,-0.016264
1.0816e-06,-0.0161921
1.082e-06,-0.016264
1.0824e-06,-0.0161035
1.0828e-06,-0.015836
1.0832e-06,-0.0153461
1.0836e-06,-0.01498
1.084e-06,-0.0143948
1.0844e-06,-0.013268
1.0848e-06,-0.0113805
1.0852e-06,-0.009416
1.0856e-06,-0.0079849
1.086e-06,-0.006848
1.0864e-06,-0.00587
1.0868e-06,-0.005136
1.0872e-06,-0.0051962
1.0876e-06,-0.005564
1.088e-06,-0.0059201
1.0884e-06,-0.005992
1.0888e-06,-0.0060589
1.0892e-06,-0.005992
1.0896e-06,-0.0059168
1.09e-06,-0.005992
1.0904e-06,-0.0061793
1.0908e-06,-0.005992
1.0912e-06,-0.005253
1.0916e-06,-0.004708
1.092e-06,-0.0048083
1.0924e-06,-0.005136
1.0928e-06,-0.0051226
1.0932e-06,-0.005136
1.0936e-06,-0.005442
1.094e-06,-0.005564
1.0944e-06,-0.0048618
1.0948e-06,-0.003852
1.0952e-06,-0.003088
1.0956e-06,-0.002568
1.096e-06,-0.0019427
1.0964e-06,-0.001712
1.0968e-06,-0.0017672
1.0972e-06,-0.001712
1.0976e-06,-0.0008108594
1.098e-06,0.0
1.0984e-06,0.0005734531
1.0988e-06,0.001284
1.0992e-06,0.0032067
1.0996e-06,0.005992
1.1e-06,0.0090147
1.1004e-06,0.011984
1.1008e-06,0.0147627
1.1012e-06,0.017548
1.1016e-06,0.0194556
1.102e-06,0.020544
1.1024e-06,0.0200842
1.1028e-06,0.01926
1.1032e-06,0.0180395
1.1036e-06,0.01712
1.104e-06,0.015831
1.1044e-06,0.014552
1.1048e-06,0.0130557
